{"xmean": [0.036159177419383626, 0.052126403288775346, 0.06961759539819044, 0.08384317730765818, 0.06859165805649277, 0.04987402792042963, 0.044542424959040525], "xstd": [0.010888201619349946, 0.014941457939305857, 0.017436761866036158, 0.01875504348489094, 0.020928371295042998, 0.018813910168077527, 0.01936024685115673], "normalized": true, "hidden_layers": [8, 8, 8, 8, 8]}